name,url,keywords
Dr. Amarpreet Singh Riar,https://www.practo.com/delhi/doctor/amarpreet-singh-riar-general-physician,fever headache cough fatigue nausea body_aches shortness_of_breath chills diarrhea chest_pain
Dr. (Maj.)Sharad Shrivastava,https://www.practo.com/delhi/doctor/dr-54-general-physician-1,fever headache cough fatigue nausea body_aches shortness_of_breath chills diarrhea chest_pain
Dr. Anirban Biswas,https://www.practo.com/delhi/doctor/anirban-biswas-diabetologist,diabetes blood_sugar fatigue weight_loss thirst frequent_urination
Dr. Aman Vij,https://www.practo.com/delhi/doctor/dr-aman-vij-general-physician,fever headache cough fatigue nausea body_aches shortness_of_breath chills diarrhea chest_pain
Dr. Mansi Arya,https://www.practo.com/delhi/doctor/dr-mansi-arya-bhardwaj-homeopath,homeopathy alternative_medicine
Dr. Sunil Kumar Dwivedi,https://www.practo.com/delhi/doctor/dr-sunil-kumar-dwivedi-homeopath,homeopathy alternative_medicine
Dr. Chhavi Bansal,https://www.practo.com/delhi/doctor/dr-chhavi-bansal-homeopath-1,homeopathy alternative_medicine
Dr. Sneh Khera,https://www.practo.com/delhi/doctor/dr-sneh-khera-homeopath,homeopathy alternative_medicine
Dr. Inderjeet Singh,https://www.practo.com/delhi/doctor/inderjeet-singh-ayurveda-sexologist,ayurveda sexual_health
Dr. Suman Mohan,https://www.practo.com/delhi/doctor/dr-suman-mohan-homoeopath,homeopathy alternative_medicine
Dr. Manish Munjal,https://www.practo.com/delhi/doctor/dr-manish-munjal-ear-nose-throat-ent-specialist-1,sore_throat runny_nose dizziness loss_of_taste_or_smell ear_pain hearing_loss
Dr. Ajay Jain,https://www.practo.com/delhi/doctor/dr-ajay-jain-ear-nose-throat-ent-specialist-1,sore_throat runny_nose dizziness loss_of_taste_or_smell ear_pain hearing_loss
Dr. Anshul Gupta,https://www.practo.com/delhi/doctor/dr-anshul-gupta-ear-nose-throat-ent-specialist-1,sore_throat runny_nose dizziness loss_of_taste_or_smell ear_pain hearing_loss
Dr. B B Khatri,https://www.practo.com/delhi/doctor/dr-b-b-khatri-ear-nose-throat-ent-specialist,sore_throat runny_nose dizziness loss_of_taste_or_smell ear_pain hearing_loss
Dr. Rajeev Adhana,https://www.practo.com/delhi/clinic/adhana-ent-clinic-dilshad-garden,sore_throat runny_nose dizziness loss_of_taste_or_smell ear_pain hearing_loss
Dr. Vidit Tripathi,https://www.practo.com/delhi/doctor/dr-vidit-tripathi-ear-nose-throat-ent-specialist-3,sore_throat runny_nose dizziness loss_of_taste_or_smell ear_pain hearing_loss
Dr. Arun Wadhawan,https://www.practo.com/delhi/doctor/dr-arun-wadhawan-ear-nose-throat-ent-specialist-1,sore_throat runny_nose dizziness loss_of_taste_or_smell ear_pain hearing_loss
Dr. Neha Sood,https://www.practo.com/delhi/doctor/dr-neha-sood-ear-nose-throat-ent-specialist-1,sore_throat runny_nose dizziness loss_of_taste_or_smell ear_pain hearing_loss
Dr. Vineet Narula,https://www.practo.com/delhi/doctor/vineet-narula-ear-nose-throat-ent-specialist-1,sore_throat runny_nose dizziness loss_of_taste_or_smell ear_pain hearing_loss
Dr. Yogesh Jain,https://www.practo.com/delhi/doctor/dr-yogesh-jain-2-ear-nose-throat-ent-specialist,sore_throat runny_nose dizziness loss_of_taste_or_smell ear_pain hearing_loss
Dr. Rakesh Singh,https://www.practo.com/delhi/doctor/dr-rakesh-singh-ear-nose-throat-ent-specialist,sore_throat runny_nose dizziness loss_of_taste_or_smell ear_pain hearing_loss
Dr. Sudha Asokan,https://www.practo.com/delhi/doctor/dr-sudha-asokan-ayurveda-1,ayurveda joint_pain indigestion insomnia
Dr. Mahesh Shah,https://www.practo.com/delhi/doctor/dr-shah-4-sexologist,sexual_health
Dr. S K Singh,https://www.practo.com/delhi/doctor/dr-s-k-singh-ayurveda,ayurveda joint_pain indigestion insomnia
Dr. Sudhir Bhola,https://www.practo.com/delhi/doctor/sudhir-bhola-alternative-medicine,alternative_medicine ayurveda joint_pain indigestion insomnia
Dr. Jyoti Arora Monga,https://www.practo.com/delhi/doctor/dr-jyoti-arora-ayurveda,ayurveda joint_pain indigestion insomnia
Dr. Vijay Abbot,https://www.practo.com/delhi/doctor/dr-vijay-abbot-sexologist,sexual_health
Dr. Rakesh Gupta,https://www.practo.com/delhi/doctor/dr-rakesh-gupta-ayurveda,ayurveda joint_pain indigestion insomnia
Dr. Sugeeta Mutreja,https://www.practo.com/delhi/doctor/sugeeta-mutreja-dietitian-nutritionist,nutrition diet weight_loss
Dr. Ruchi Gupta,https://www.practo.com/delhi/doctor/dr-ruchi-gupta-1-ayurveda,ayurveda joint_pain indigestion insomnia
Dr. Praveen Rustagi,https://www.practo.com/delhi/doctor/dr-praveen-rustagi-ayurveda,ayurveda joint_pain indigestion insomnia
Dr. S.K Kashyap,https://www.practo.com/delhi/doctor/s-k-kashyap-dermatologist-cosmetologist,skin_rash acne hair_loss
Dr. Nipun Jain,https://www.practo.com/delhi/doctor/dr-nipun-jain-dermatologist-cosmetologist-2,skin_rash acne hair_loss
Dr. Rohit Batra,https://www.practo.com/delhi/doctor/dr-rohit-batra-dermatologist-cosmetologist-1,skin_rash acne hair_loss
Dr. Lipy Gupta,https://www.practo.com/delhi/doctor/dr-lipy-gupta-dermatologist-cosmetologist,skin_rash acne hair_loss
Dr. Gaurav Garg,https://www.practo.com/delhi/doctor/dr-gaurav-garg-dermatologist-cosmetologist,skin_rash acne hair_loss
Dr. Parmil Kumar Sharma,https://www.practo.com/delhi/doctor/dr-p-k-sharma-dermatologist-cosmetologist-1,skin_rash acne hair_loss
Dr. Shruti Gupta,https://www.practo.com/delhi/doctor/shruti-gupta-dermatologist,skin_rash acne hair_loss
Dr. Manisha Chopra,https://www.practo.com/delhi/doctor/dr-manisha-chopra-dermatologist-cosmetologist,skin_rash acne hair_loss
Dr. Ranjan Upadhyay,https://www.practo.com/delhi/doctor/dr-ranjan-upadhyay-dermatologist-cosmetologist-1-6350,skin_rash acne hair_loss
Dr. Gayatri Bala Juneja,https://www.practo.com/delhi/doctor/dr-gayatri-bala-juneja-gynecologist-obstetrician-2,gynecology obstetrics women_health
Dr. Priya Sharma,https://www.example.com/dr-priya-sharma-general-physician,fever headache cough fatigue nausea body_aches shortness_of_breath chills diarrhea chest_pain
Dr. Rajesh Kumar,https://www.example.com/dr-rajesh-kumar-pulmonologist,cough shortness_of_breath chest_pain
Dr. Anita Desai,https://www.example.com/dr-anita-desai-neurologist,headache dizziness loss_of_taste_or_smell
Dr. Vikram Patel,https://www.example.com/dr-vikram-patel-gastroenterologist,nausea diarrhea indigestion
Dr. Meera Reddy,https://www.example.com/dr-meera-reddy-rheumatologist,joint_pain body_aches fatigue
Dr. Sanjay Gupta,https://www.example.com/dr-sanjay-gupta-cardiologist,chest_pain shortness_of_breath fatigue
Dr. Neha Kapoor,https://www.example.com/dr-neha-kapoor-dermatologist,skin_rash acne hair_loss
Dr. Amit Verma,https://www.example.com/dr-amit-verma-ent-specialist,sore_throat runny_nose dizziness loss_of_taste_or_smell
Dr. Pooja Mehta,https://www.example.com/dr-pooja-mehta-ayurveda-specialist,joint_pain indigestion insomnia
Dr. Rahul Saxena,https://www.example.com/dr-rahul-saxena-sleep-specialist,insomnia fatigue